"Competência";"Individual.ou.Familiar";"Coletivo.Empresarial";"Coletivo.por.Adesão";"Total";"Receita Ast CE";"Receita Ast CA";"Receita Ast IND";"Despesa Ast CE";"Despesa Ast CA";"Despesa Ast IND";"Ticket Médio - CE";" Custo Per Capita - CE";"Ticket Médio - CA";" Custo Per Capita - CA";"Ticket Médio - IND";" Custo Per Capita - IND"
"2012-01-01";25463;79080;10922;115465;11480830,3105619;3155855,53598181;3108540,72318107;8688869,55507257;2853160,36775899;2382376,85126264;145,179948287328;109,874425329699;288,944839405036;261,230577527833;122,080694465737;93,562300249878
"2012-02-01";25473;79369;10929;115771;11599635,5155498;3098348,79328123;3345215,35553451;7575143,06020213;2165957,84521075;2504778,92712503;146,148187775451;95,4420877194135;283,497922342504;198,184449191212;131,323964807228;98,3307394937789
"2012-03-01";25482;79659;10935;116076;11452191,3206824;2224129,84299503;3410995,67317828;12607614,4540577;1317758,58667545;2916029,16505246;143,765190633606;158,269805722614;203,395504617744;120,508329828574;133,859024926547;114,434862453985
"2012-04-01";25477;79755;11496;116728;9404300,65166119;1993187,16141745;2309762,96059235;7794335,99730586;1972651,51391803;2859557,32042292;117,91487244262;97,7284934775984;173,380929142089;171,59459933177;90,6607120380087;112,240739507121
"2012-05-01";25473;79851;12057;117381;13764790,1870693;3079128,89640351;2459738,68268003;7653313,08965121;2628560,5562063;2759968,05318967;172,380936833218;95,8449247930672;255,381014879614;218,011160007158;96,5625832324435;108,348763521755
"2012-06-01";25468;79947;12618;118033;11034015,2118371;2710996,56512494;2450678,53733969;8434342,25531212;2450793,12823795;2451835,59365378;138,016626162796;105,499171392449;214,851526797031;194,229919815973;96,2257946183323;96,2712263881648
"2012-07-01";25567;80935;12970;119472;11717569,8105134;3137925,93459159;2869799,61085936;9112656,09792809;1995711,24939487;3091944,81446348;144,777535188897;112,592278963713;241,937234741063;153,871337655734;112,24623971758;120,934987071752
"2012-08-01";25667;81922;13323;120912;13249244,093737;3158087,68024232;1868634,75932854;5751750,99409823;1754989,95019712;1618488,65075225;161,729988205085;70,2100900136499;237,040282236908;131,726334173769;72,8030061685645;63,0571804555363
"2012-09-01";25766;82910;13675;122351;12504324,5993203;2758542,45612715;2624277,21330295;9104644,08287527;2018091,03830118;1852644,31857833;150,818050890367;109,813581991018;201,721569003814;147,575213038478;101,850392505742;71,9026747876398
"2012-10-01";25767;80664;13359;119790;9219328,04812281;2472380,22342295;2780503,6406595;8496988,59635768;817762,776010661;2490956,24093307;114,292968959174;105,338051625975;185,072252670331;61,2143705375148;107,909482697229;96,6723421792629
"2012-11-01";25768;78419;13043;117230;12960724,3859179;2721945,82792085;1896028,0158177;8714785,99317818;1314263,05765258;2189370,44115834;165,275308100306;111,131052336528;208,690165446665;100,76386242832;73,5807208870575;84,9647020008669
"2012-12-01";25769;76173;12727;114669;14368189,4123491;1820824,74098444;2389844,15489042;9583110,91929814;2355601,92821777;2555825,29218804;188,625752068962;125,807187839499;143,067866817352;185,086974795142;92,7410514529247;99,182168193878
"2013-01-01";25762;76062;12685;114509;14102353,2377362;2747782,29173948;2395093,78928634;8370708,66875446;1917493,28962726;2711996,0213756;185,406027158583;110,051124986912;216,616656818248;151,162261697064;92,9700252032584;105,271175427979
"2013-02-01";25756;75951;12642;114349;12620126,623932;3524688,22719749;2564762,09981877;11502676,6466615;2790957,02611579;2447066,47872833;166,161428077735;151,448653035003;278,807801550189;220,768630447381;99,579208721027;95,0095697596027
"2013-03-01";25749;75840;12600;114189;7807593,45036352;2587160,28743511;3112607,48476678;11859969,6437679;2367408,07462492;1827067,35264851;102,948225875046;156,381456273312;205,330181542469;187,889529732136;120,882655045508;70,9568275524683
"2013-04-01";25878;76894;13001;115773;15176480,1859126;2756226,02462941;2874828,06166675;12486385,9085901;3020344,18637435;2946938,38230926;197,368847841348;162,384398114158;212,001078734668;232,316297698204;111,091585967492;113,878135184684
"2013-05-01";26007;77948;13403;117358;13686704,7219696;2916302,27074034;2682490,85812501;11438377,6589099;1566278,13596009;3307765,92508727;175,587631779771;146,743696552958;217,585784581089;116,860265310758;103,144955516784;127,187523554707
"2013-06-01";26136;79002;13804;118942;14687971,033485;3326017,44286844;1809948,5932335;10137251,8512079;2797285,51028867;3567298,88599491;185,918977158617;128,316395169842;240,945917333268;202,643111437892;69,2511705400021;136,489856366502
"2013-07-01";26103;76372;13550;116025;13650376,6036686;2272265,63733761;1953663,44892464;12384897,5900955;2075636,98401543;2288085,97911813;178,735355937629;162,165421752678;167,694880984326;153,183541255752;74,8444029009937;87,6560540596149
"2013-08-01";26070;73741;13297;113108;14113665,0752874;3218022,82636128;2641039,72896232;10736125,9313022;2926433,80497977;3362152,18503637;191,39508652293;145,592356101792;242,011192476595;220,082259530704;101,305704985129;128,966328539945
"2013-09-01";26037;71111;13043;110191;15328674,4261569;2756862,16881247;2987929,82500814;14912290,4904617;2161766,44419413;2882696,47683446;215,559820930052;209,704412685262;211,367183072335;165,741504576718;114,757069747211;110,715384907418
"2013-10-01";26067;71136;13064;110267;11812197,8116283;3099318,46908454;3233964,8656072;11039008,1051605;1787175,30458164;3691592,12579945;166,050913906156;155,181737870564;237,24115654352;136,801538930009;124,063561806391;141,619370307264
"2013-11-01";26096;71162;13084;110342;11127669,4250014;2851735,67004348;2203909,72445861;11310357,4650236;2363318,1746313;2762212,56679177;156,370948329184;158,938161729907;217,955951547193;180,626580146079;84,4539287422827;105,848121045055
"2013-12-01";26126;71187;13105;110418;17183461,5078746;3002516,75426317;4199040,98476394;13516017,1630884;2100992,8401849;2345940,2561028;241,384824586998;189,866368340967;229,112304789253;160,319942020977;160,722689457396;89,7933191496133
"2014-01-01";26103;70268;13148;109519;12023364,9074481;2583228,51289519;4889022,57061481;6741003,22292348;2435701,25780791;2245815,43335574;171,107259455913;95,9327606154079;196,473114762336;185,252605552777;187,297344007003;86,0366790543516
"2014-02-01";26080;69350;13190;108620;10095651,5575102;3170355,47700254;3783255,26158955;8350705,57568076;2560604,80345759;3243946,79870114;145,575364924444;120,413923225389;240,360536543028;194,13228229398;145,063468619231;124,384463140381
"2014-03-01";26057;68431;13233;107721;13737848,3548697;3752404,82094358;5269957,03136224;7658726,76627334;2565645,89455144;2948596,80343872;200,754750842012;111,918966057391;283,564182040624;193,88240720558;202,24726681361;113,159488944956
"2014-04-01";26015;68795;13346;108156;12520596,4090178;3304514,71056746;2702189,65962773;12906872,184708;2230733,1823564;3221382,8347111;181,998639567087;187,613521109208;247,603380081482;167,146199786932;103,870446266682;123,827900623144
"2014-05-01";25974;69160;13458;108592;8542087,87768715;2989921,20800332;4041297,13335203;13489670,0604592;1810648,41790425;3150491,00558534;123,511970469739;195,050174384892;222,166830732897;134,540676022013;155,590095224149;121,294025009061
"2014-06-01";25932;69524;13571;109027;16568973,3201849;2430119,78455339;3437811,38511597;9426492,57702666;2054987,93368587;2077257,64401118;238,320196193902;135,586165597875;179,06711256012;151,424945375128;132,570236970383;80,1040276111054
"2014-07-01";25947;71035;13610;110592;15317026,1428148;2576438,71569116;4683764,7009837;14113918,1815495;1375266,23671449;2797518,92534186;215,626467837191;198,689634427388;189,304828485758;101,048217245738;180,512764519355;107,816661862329
"2014-08-01";25961;72546;13650;112157;18542006,9132038;3381026,7789318;3476862,96354455;12188007,0922573;2499306,40676998;2544808,43599849;255,589652264822;168,003847107453;247,694269518813;183,099370459339;133,926388180137;98,0242839643501
"2014-09-01";25976;74057;13689;113722;10426645,6856298;3640913,69077317;3144816,56709115;12316030,3604388;2052332,14604956;3090287,87127642;140,792169351037;166,30474310921;265,973678922724;149,925644389624;121,066236799013;118,967041548985
"2014-10-01";25960;74231;13844;114035;11885782,8608658;2799041,80971412;1871373,79450973;12704298,7981753;1760691,20120276;3475204,30178233;160,118856823508;171,145462113879;202,184470508099;127,180814880292;72,0868179703286;133,867654151862
"2014-11-01";25945;74405;14000;114350;12332591,5746578;1960304,62804318;3284125,70213665;10368643,5046777;1794316,78998376;2075875,03975893;165,749500364999;139,354122769675;140,021759145941;128,16548499884;126,580293009699;80,0106008771989
"2014-12-01";25929;74579;14155;114663;14777039,173001;3117093,70137369;3288443,10997411;6559217,24301422;1944316,04091152;3045274,67502648;198,139411536773;87,9499221364489;220,211494268717;137,358957323314;126,824910716731;117,446668788865
"2015-01-01";25886;73520;14178;113584;11212227,1728148;2628727,41698314;4177647,67588579;17665795,4578628;3314226,91967626;3130911,43273196;152,505810293998;240,285574780505;185,408902312254;233,758422885898;161,386373942895;120,94998967519
"2015-02-01";25844;72460;14201;112505;15440477,6511758;3464134,77140963;4703197,54699556;13021018,9549163;1686611,17302548;3715017,97230998;213,089672249184;179,699405946954;243,93597432643;118,767070841876;181,984118054309;143,747793387633
"2015-03-01";25801;71401;14224;111426;16286176,0124027;3125777,97418601;3154363,36877216;12980609,3153237;2548734,36439266;3004590,05550286;228,094508653978;181,798704714551;219,75379458563;179,185486810507;122,257407417238;116,452465234016
"2015-04-01";25847;70792;14255;110894;10997480,7991274;2882346,33637388;3320919,81917651;9409951,73744614;2703544,37917619;3084000,11206028;155,349203287482;132,923942499804;202,198971334541;189,655866655643;128,483762880664;119,317526678542
"2015-05-01";25893;70184;14287;110364;17126658,5839874;3806379,40949427;2241821,31723221;9919617,91444819;2579294,1566763;2919443,54230254;244,025113757942;141,337312128807;266,422580632342;180,534342876482;86,5802076712707;112,750300942438
"2015-06-01";25939;69575;14318;109832;16822119,0051116;3005970,04111775;4223063,53576114;13039666,0648556;2717342,07573546;3730298,75468891;241,783959829128;187,418843907375;209,943430724804;189,785031131126;162,807492029806;143,810430420946
"2015-07-01";25961;69512;14375;109848;23125745,1380886;2949219,33274029;2951654,05671343;13463198,748969;2597449,44767245;3271352,49969692;332,687091985392;193,681648477514;205,163084016716;180,692135490257;113,695699576805;126,010265386423
"2015-08-01";25984;69450;14432;109866;14811776,8868952;4175237,39001779;3317412,4318427;13741872,0489635;2562146,7139451;3909070,06072241;213,272525369262;197,867128134824;289,304142878173;177,532338826573;127,671352826459;150,441427829526
"2015-09-01";26006;69387;14489;109882;13370077,0396832;2607916,6421888;4128708,10248835;13535577,4014253;2018500,17178877;3144933,9064953;192,688501299714;195,073679528231;179,992866463441;139,312593815223;158,759828596799;120,931089229228
"2015-10-01";25971;69178;14435;109584;16027374,0150831;3136442,69257058;3100502,46405459;15252211,517136;1777198,09020171;3755696,3340597;231,6831075643;220,477774973778;217,280408214103;123,117290627067;119,383253015078;144,61115606098
"2015-11-01";25935;68968;14381;109284;15396095,7806619;3509466,79375213;3170475,61095184;13113274,2180465;2144131,99818107;3589794,72914916;223,235352346913;190,135631278948;244,034962363683;149,09477770538;122,246987119793;138,41506570847
"2015-12-01";25900;68759;14327;108986;11579107,8999063;3275673,58549266;4423035,89753923;15054393,6253186;3072212,05425646;2262132,44744961;168,401342368364;218,944336382417;228,636391812149;214,435126282994;170,773586777576;87,3410211370506
"2016-01-01";25849;68722;14363;108934;15186753,3292586;3855378,94672296;4558142,9135426;17413635,2694821;3968409,61210879;2754699,79989711;220,988232723997;253,392440113531;268,424350534217;276,293922725669;176,337301773477;106,568911752761
"2016-02-01";25797;68684;14401;108882;20611891,7873649;3918095,16287925;3495608,54316125;19042857,8732975;3791146,06096392;3484496,91452229;300,097428620419;277,253186670804;272,071048043834;263,255750362053;135,504459555811;135,073726189956
"2016-03-01";25745;68646;14439;108830;7744883,8172431;4542339,71350929;3059265,31370455;11962212,853271;3782947,57381358;3805571,48347069;112,823526749455;174,25943031307;314,588248044137;261,995122502499;118,829493637776;147,817886326304
"2016-04-01";25693;68608;14477;108778;11562179,1905828;2934185,17887473;4621570,59416663;10161493,6040857;2926674,64078179;3088526,84474705;168,525233071694;148,109456682686;202,679089512657;202,160298458368;179,876643216698;120,208883538203
"2016-05-01";25486;68456;14628;108570;15194828,2856978;4505971,01235032;3479452,97106749;12940117,6328239;3364458,43570164;4335981,32821659;221,964886725747;189,028246360054;308,037394883123;230,001260302273;136,524090522934;170,131889202566
"2016-06-01";25279;68305;14778;108362;19452294,479973;4329070,40476849;2742167,75211274;13970074,886621;3128221,09169203;5082265,32556299;284,785806016734;204,524923308996;292,940208740593;211,680950852079;108,476116622997;201,046929291625
"2016-07-01";25146;68752;15254;109152;23321812,5930219;5050029,56091603;3884518,11990245;12767367,2782913;2606358,51101233;5133975,20044306;339,216496873136;185,701758178544;331,062643301169;170,863938049845;154,478569947604;204,166674637838
"2016-08-01";25013;69200;15729;109942;15759706,2251936;4802259,12152528;3492293,41510419;13247805,043499;2566304,56768107;4678332,62759916;227,741419439213;191,442269414726;305,3124242816;163,15751590572;139,619134654147;187,036046359859
"2016-09-01";24880;69647;16205;110732;11251102,7571735;3152922,19889399;3200518,49919189;13899615,9710419;3353916,40556498;3205974,51629216;161,544686162699;199,57235733114;194,564776235359;206,967997875037;128,638203343726;128,857496635537
"2016-10-01";24779;69897;16448;111124;11069454,0838095;3851826,91147406;4201601,18142353;15829055,3385504;2693856,77093455;3611421,71084289;158,368085666187;226,462585497953;234,182083625612;163,780202513044;169,562984035818;145,745256501186
"2016-11-01";24679;70148;16692;111519;18150410,3908277;3782284,27927947;4137347,81621941;10787334,625791;2808344,08434276;3696752,62862812;258,74451717551;153,779646259209;226,592635950124;168,24491279312;167,646493626946;149,793453082707
"2016-12-01";24578;70398;16935;111911;20333987,3278793;3686509,86086589;4982643,60446968;13610227,3168174;3469166,93031365;3395089,96642594;288,843253045247;193,33258497141;217,6858494754;204,851900225193;202,727789261522;138,13532290772
"2017-01-01";24777;70534;17254;112565;22316256,5568311;4060926,86724679;5515308,23864125;17844858,1795698;3863039,95991148;4421065,32441544;316,39006091858;252,996543221281;235,361473701565;223,892428417264;222,597902838974;178,434246454996
"2017-02-01";24975;70671;17572;113218;20855840,7192505;5575804,41465811;4780798,72206179;15239966,4297704;4633507,98997478;4313157,16704869;295,111725025123;215,646678690983;317,311883374579;263,687001478192;191,423372254727;172,698985667615
"2017-03-01";25174;70807;17891;113872;13050470,8257477;5506404,24524717;5278742,36644012;13256530,386125;4211516,75396397;2673391,19843878;184,310461193776;187,220619234328;307,775096151538;235,398622433848;209,690250514027;106,196520157257
"2017-04-01";25048;70786;18176;114010;20963999,1956074;4400478,06423985;4337152,44018056;13814733,3436018;3809264,04344627;3999947,30434475;296,160246314347;195,161943655551;242,103766738548;209,576586897352;173,153642613405;159,691284906769
"2017-05-01";24922;70766;18460;114148;23934115,5509446;4415232,65213203;5414840,41072679;20829619,8054812;3124957,6312696;4639132,10498198;338,214899117438;294,345021698008;239,17836685439;169,282645247541;217,271503520054;186,146059906186
"2017-06-01";24796;70745;18745;114286;18429070,8223177;4423107,87968355;4010690,79885846;13770126,573375;4243215,69561634;3798312,15628151;260,4999762855;194,644520084458;235,962010119154;226,365201153179;161,747491484855;153,182455084752
"2017-07-01";24657;70869;18828;114354;23203875,9438099;4421414,95704685;4285582,0380536;13096171,3175406;3319622,32954794;3266082,59627765;327,419265741155;184,794075230928;234,831897017572;176,313061905032;173,807926270576;132,460664163428
"2017-08-01";24519;70992;18910;114421;12511057,8926215;4297898,27295508;4487931,20467513;14919905,0667446;3242443,5507506;3236132,2573221;176,231940114682;210,163188341568;227,281770119253;171,467136475441;183,038916949106;131,984675448513
"2017-09-01";24380;71116;18993;114489;20756046,2555752;3894010,72550862;2946892,78297775;20536583,7137104;2571758,66316423;2822633,8712563;291,861834967872;288,775855134012;205,023467883358;135,405605389576;120,873370917873;115,776614899766
"2017-10-01";24243;70943;18821;114007;18215803,5186652;6472356,95838428;4873421,21639257;19834467,1577018;3457570,08358202;2692040,73471275;256,766749625265;279,583146437306;343,89017365625;183,708096465757;201,023850859736;111,044043010879
"2017-11-01";24107;70769;18648;113524;12384319,1658645;3139695,42484105;5112448,23001009;14097736,9971913;3304004,65481148;4201628,26279565;174,996384940645;199,207802811842;168,366335523437;177,177426791692;212,073183308171;174,290797809584
"2017-12-01";23970;70596;18476;113042;20806994,6892264;6228799,14435771;5322408,6218988;11826361,3854264;3424941,00586957;4638319,32844341;294,733337430257;167,521692240728;337,129202444128;185,372429414893;222,044581639499;193,505186835353
"2018-01-01";23785;70556;18545;112886;25794117,378595;5807600,87947798;7542096,0821479;18449606,4296567;6347978,1347936;6401636,09756896;365,583612713235;261,488837655999;313,162624938149;342,301328379272;317,094642932432;269,145936412401
"2018-02-01";23601;70516;18613;112730;25081194,3648317;5310277,57214239;7593522,04837854;22919418,0039393;4182435,53142054;6267667,73670455;355,680900289745;325,024363320938;285,299391400763;224,70507341216;321,745775534026;265,567888509154
"2018-03-01";23416;70476;18682;112574;30429266,8629038;5566095,86993814;5223553,95066329;16214834,1538998;4925493,03820163;5582739,76720677;431,767791346044;230,07597130796;297,93897173419;263,649129547245;223,076270527131;238,415603314263
"2018-04-01";23361;70606;18751;112718;23169110,1724147;5233799,33714257;5256948,89124981;25708779,1337892;5362561,63256698;4324497,51867318;328,146477245768;364,116068518104;279,1210781901;285,988034375072;225,030987168777;185,11611312329
"2018-05-01";23307;70737;18820;112864;28967100,032944;5883331,57202083;6335736,27480885;33833874,8590597;3818568,28085902;4925165,11691352;409,504220322378;478,305198963198;312,610604251904;202,899483573806;271,838343622468;211,316991329365
"2018-06-01";23252;70867;18889;113008;32661686,4440505;6531794,23869106;7815012,94900349;27927944,0478765;3422398,55852676;7383008,84034155;460,887104633334;394,089548702167;345,798837349307;181,184740247063;336,10067731823;317,521453653086
"2018-07-01";23182;71752;18934;113868;28804858,6021168;5966815,74661407;4943838,63632703;25036894,473013;5094722,44886612;5430661,468666;401,450253680967;348,936537978217;315,137622616144;269,077978708467;213,261954806618;234,261990711155
"2018-08-01";23112;72638;18978;114728;29062588,1514181;6034527,01011674;6644834,94019435;18182765,3654997;4043568,87815232;6388901,90842055;400,101711933397;250,320291933969;317,974866166969;213,066122781764;287,50583853385;276,432239028234
"2018-09-01";23042;73523;19023;115588;22441547,7088772;6520726,55639858;5963432,84135606;18113980,2337509;3819086,73522251;2917794,66444572;305,231665041921;246,371614783821;342,781188897576;200,761537886901;258,807084513326;126,629401286595
"2018-10-01";23020;73780;19108;115908;42564991,9481115;4820541,19859727;7680234,35062141;20693949,8151946;4387144,62295994;6699584,52061376;576,917754786006;280,481835391632;252,278689480703;229,597269361521;333,633116881903;291,033211147427
"2018-11-01";22999;74038;19192;116229;33905235,7206763;5360286,35892989;6229759,31460526;16647073,8576405;3510559,6844319;4228798,31550105;457,943700811425;224,844996591486;279,297955342325;182,917866008332;270,870877629691;183,868790621377
"2018-12-01";22977;74295;19277;116549;25607026,1036975;2193194,38459382;6238743,69466609;25335774,325329;5240045,33316989;4304872,41102376;344,666883420116;341,015873549082;113,772598671672;271,828880695642;271,521247102149;187,355721418103
"2019-01-01";22848;74227;19355;116430;20679599,874032;6770059,16491558;7776198,69239178;22686702,5140983;7198210,5794458;7121572,57710697;278,599429776659;305,639491210722;349,78347532501;371,904447400971;340,34483072443;311,693477639486
"2019-02-01";22719;74159;19434;116312;14321053,2484105;10245190,6324366;9133526,32618835;31097017,7318845;4907258,02273764;5552954,05728498;193,112815011132;419,328978706354;527,178688506566;252,508903094455;402,021494176168;244,418947017254
"2019-03-01";22590;74091;19512;116193;44612709,0802241;6512516,0560832;10668259,6682324;28164129,9819303;6143596,00522442;6426398,50753808;602,13398496746;380,128895303482;333,76978557212;314,862443892191;472,255850740697;284,479792277029
"2019-04-01";22531;74345;19527;116403;31891344,7995851;8398549,62834973;8844995,14134379;26151904,0296188;6041605,38720241;8985646,00777372;428,964218166456;351,764127104968;430,099330585842;309,397520725273;392,57002091979;398,81256969392
"2019-05-01";22473;74599;19541;116613;23846175,7846104;6827421,62522834;8429373,39106771;20374965,4346127;7750440,79975172;2698721,02465607;319,65811585424;273,126522267225;349,38957193738;396,624573959967;375,088924089695;120,087261365019
"2019-06-01";22414;74853;19556;116823;27972824,0396415;6925149,9684427;6637243,16965419;26952547,4189384;3231115,1993159;6953180,56435197;373,70344594928;360,073042081658;354,118938864936;165,223726698502;296,120423380663;310,215961646827
"2019-07-01";22432;76210;19582;118224;36339500,2850833;5917739,1376567;5726105,38283292;21537269,3320889;7646537,26296903;6597906,57801125;476,833752592616;282,604242646489;302,20299957393;390,48806367935;255,265040247545;294,129216209489
"2019-08-01";22450;77566;19607;119623;46695603,023883;7460392,22596111;8599299,83349612;12787727,0156339;6135244,00100393;4904502,57343739;602,011229454696;164,86253017603;380,496364867706;312,910899219867;383,042308841698;218,463366300107
"2019-09-01";22468;78923;19633;121024;36941972,8467893;8159971,74378794;6199153,41774307;23007632,4848284;6029662,28379543;5935576,02213559;468,07613555984;291,519993979302;415,625311658327;307,118743126136;275,910335487941;264,179100148459
"2019-10-01";22406;79352;19605;121363;28054678,0815121;4466455,55579074;7272134,52688137;26130358,4630324;5267930,33052281;7542469,29456952;353,547208406998;329,296784744334;227,822267574126;268,703408850947;324,561926576871;336,627211218849
"2019-11-01";22345;79780;19576;121701;41923124,8307262;8192363,18268008;9361371,85125849;30715148,782034;5933544,8473593;6141109,43936132;525,484141773955;384,998104562973;418,490150320805;303,10302653041;418,947050850682;274,83148083962
"2019-12-01";22283;80209;19548;122040;37702021,8506628;9696594,93984495;5528978,8272747;28283637,3657924;5674896,37815881;7281936,49597775;470,047274628319;352,624236255188;496,040256795833;290,305728369082;248,125424192196;326,793362472636
"2020-01-01";22267;80358;19472;122097;25904193,3217493;7752789,51668872;5915399,69599248;25890060,3784304;5381973,2591074;6883178,75624203;322,359856165525;322,183981413555;398,150653075633;276,395504268047;265,657686082206;309,120166894599
"2020-02-01";22250;80508;19396;122154;25796674,9658023;6699226,34806162;10169469,9664238;21274506,9629555;5980208,96620855;5489172,07965072;320,423746283628;264,253328401593;345,392160654858;308,32176563253;457,054829951632;246,70436313037
"2020-03-01";22234;80657;19320;122211;33716605,0650396;7321660,27951153;7311787,65368868;15777028,4189577;6130698,55496372;4085944,12438936;418,024536804489;195,606437370069;378,967923370162;317,323941768308;328,856150656143;183,770087451172
"2020-04-01";22160;80123;19320;121603;32371180,4343487;7320021,87105025;7550391,66053908;26200212,2624063;6396872,18988634;5730455,7212188;404,018576867425;326,999890947746;378,883119619578;331,101045025173;340,721645331186;258,594572257166
"2020-05-01";22085;79588;19321;120994;33987470,8033705;4359222,72258804;5197422,88577994;24056016,7229156;5147158,686901;4278143,09912403;427,042654713907;302,256831719802;225,620967992756;266,402292164018;235,337237300427;193,712614857325
"2020-06-01";22011;79054;19321;120386;31115292,2516773;7473297,20763602;6766079,4646432;29076773,2564163;6674435,58832655;8395410,87929868;393,595418975349;367,809007215527;386,796605125823;345,449800130767;307,395368890246;381,418875984675
"2020-07-01";22004;80264;19344;121612;19418282,1876548;5205089,41135009;6242560,18398384;24995441,865213;3943014,64834265;6396334,88631229;241,930157824863;311,415352651413;269,080304556973;203,836571978011;283,7011536077;290,689642170164
"2020-08-01";21996;81475;19366;122837;30913491,7759852;7283903,41183597;7199380,70611934;17442980,8971858;4674566,95759143;5135684,51377019;379,423034992148;214,089977259107;376,118114831972;241,380096952981;327,304087384949;233,482656563475
"2020-09-01";21989;82685;19389;124063;33915116,5633781;6033278,87037102;7449051,24152451;17378474,2751089;3578219,24658904;5651043,87579769;410,172541130532;210,176867329127;311,170192912013;184,548932208419;338,762619560895;256,994127781968
"2020-10-01";21946;82926;19425;124297;30803408,9074397;7413555,32498914;3682394,98937354;20310752,074732;5784537,96139947;2979366,49555405;371,456586684992;244,92622428107;381,650209780651;297,788312041157;167,793447068876;135,75897637629
"2020-11-01";21904;83167;19461;124532;39713430,9652541;7242214,05004497;6307103,82103426;18757847,3625574;4591262,85759549;4005252,28915675;477,514290106101;225,544354883036;372,139872054106;235,921219752093;287,943015934727;182,854834238347
"2020-12-01";21861;83408;19497;124766;42458653,2426224;8141133,94007073;7663619,17649497;31293544,9477844;5661256,53441634;6758022,18457905;509,047732143468;375,186372383757;417,558287945362;290,365519537177;350,561235830702;309,136004051921
"2021-01-01";21787;83762;19470;125019;41129249,2098973;8534863,2201675;10393488,318829;19955256,6627246;6273903,3038465;6805173,92704719;491,025157110591;238,237585811282;438,359692869414;322,23437616058;477,049998569285;312,350205491678
"2021-02-01";21713;84116;19443;125272;41977971,2883016;11766395,5067347;9075445,11699776;15738963,0723422;9402935,4614271;10270460,5320637;499,048591092082;187,110217703436;605,173867547943;483,615463736414;417,972878782193;473,009742185037
"2021-03-01";21639;84470;19416;125525;42549386,9380277;6157078,63680175;11052636,1974238;34523103,6409133;5968547,10587963;6424243,84534169;503,721876856017;408,702541031293;317,113650432723;307,403538621736;510,773889617072;296,882658410356
"2021-04-01";21587;85155;19449;126191;28616407,8384361;4972591,6661933;10282468,7948568;25852569,2378577;8346803,35047756;9765169,64601152;336,050823068946;303,594260323618;255,673385068297;429,163625403751;476,326900211089;452,363443091283
"2021-05-01";21536;85841;19483;126860;25037318,1674708;6553194,54295197;8546246,79746214;32427960,6173283;5763026,08652331;9208926,51485375;291,670858534625;377,767740559037;336,354490733048;295,797674204348;396,835382497314;427,606171752124
"2021-06-01";21484;86526;19516;127526;42256765,1595234;9023063,43316911;11042517,5002202;33258121,5419473;7766981,91481004;6195173,73725286;488,370722783017;384,371420635963;462,34184429028;397,980216991701;513,987967800235;288,362210819813
"2021-07-01";21465;86336;19527;127328;40595434,3624099;6860882,58063124;5914540,55113342;25934083,64453;6052421,16919757;4945865,89743674;470,202862796631;300,385512932381;351,353642680967;309,951409289577;275,543468489793;230,415369086268
"2021-08-01";21446;86147;19539;127132;23404827,6806571;8727048,70476595;12820603,278978;17460748,7082626;6017294,08769425;6859542,62442045;271,684767672201;202,685510908825;446,647663890985;307,963257469382;597,80860202266;319,851842974002
"2021-09-01";21427;85957;19550;126934;36037396,9405304;9176888,02668002;6390237,63741264;42106203,057423;5549269,98735331;6648062,67659812;419,249123870428;489,851938264749;469,406037170334;283,850127230348;298,232960163002;310,265677724279
"2021-10-01";21360;86398;19485;127243;35600615,4501984;9939984,19280954;9822000,52918339;31830214,9760739;7635813,23761654;7359728,18795144;412,053698583282;368,413794023865;510,135190803671;391,881613426561;459,83148544866;344,556563106341
"2021-11-01";21293;86840;19421;127554;45105095,7101848;9419236,2332646;10282619,2206577;39089540,553857;6073565,15585356;7733441,47881142;519,404602834924;450,132894447915;485,002638034323;312,731844696646;482,91077916018;363,191728681324
"2021-12-01";21226;87281;19356;127863;35379494,8449269;6040961,20077198;7250278,4992055;31999761,8998388;6888860,31793839;5150212,691689;405,351621142367;366,629185044154;312,097602850381;355,903095574416;341,575355658414;242,6369872651
"2022-01-01";21224;87588;19311;128123;29912988,2162487;5410315,8275972;7457205,21332723;30450634,3192518;4313512,80639731;4354528,4116649;341,519251681151;347,657605142848;280,167563958221;223,37076310897;351,357200024841;205,17001562688
"2022-02-01";21223;87896;19267;128386;33690529,9144969;7401858,10382547;8861021,81953174;18758710,2430452;5376734,05152618;3977688,76990678;383,299921663066;213,419384762051;384,1728397688;279,064413324658;417,51975778786;187,423491961871
"2022-03-01";21221;88203;19222;128646;44476933,1326438;3901085,45328042;6217697,09031665;25085109,8483976;5513896,85100359;5588087,8570868;504,256466703444;284,402002748179;202,948988309251;286,853441421475;292,99736536057;263,328205885057
"2022-04-01";21247;87680;19169;128096;32432009,0740423;6161751,98716155;7278387,14929393;27707208,5491165;3118925,06645738;6414047,08813894;369,890614439352;316,003747138646;321,44358011172;162,706717432176;342,56069794766;301,880128401136
"2022-05-01";21272;87156;19117;127545;40108619,1850728;4306769,63256464;7083017,93181917;27525573,3057602;4650918,65102902;4888906,01622383;460,193436884125;315,819602847311;225,284805804501;243,287056077262;332,973765128769;229,828225659262
"2022-06-01";21298;86633;19064;126995;33242943,4159611;6821983,93831781;7756068,43402766;32759420,8392094;5376234,32708134;7335003,2612855;383,721485068751;378,140210303342;357,846408850074;282,009773766331;364,168862523601;344,398688200089
"2022-07-01";21361;85839;19037;126237;22855227,8990663;6896021,78136646;7050422,80289171;23881795,8139753;6705599,88850022;6670345,73745749;266,25692166808;278,216146669641;362,24309404667;352,240368151506;330,060521646539;312,267484549295
"2022-08-01";21424;85045;19009;125478;30980981,8969729;5767940,30257752;8285901,84857342;19589699,5287701;4783090,38770641;6311368,28552955;364,289280933305;230,345105870658;303,432074416199;251,622409790437;386,757927958057;294,593366576249
"2022-09-01";21487;84251;18982;124720;25504387,5342292;6097038,17032394;9353106,80809448;23106032,2899845;3986572,42818997;4868591,99922369;302,719107597882;274,252320921822;321,201041530078;210,018566441364;435,29142309743;226,583143259817
"2022-10-01";21385;84309;19345;125039;28315771,1436228;4520326,2690786;8386388,77582645;23414528,980661;5853208,51967427;4601569,09661312;335,85703950495;277,72276958167;233,668972296645;302,569579719528;392,16220602415;215,177418593085
"2022-11-01";21283;84366;19708;125357;33357609,3784809;6124180,07296991;9349017,43436942;25526564,1855078;5709386,18673562;7069912,08389542;395,391619591789;302,569331075407;310,745893696464;289,698913473494;439,271598664165;332,185879993207
"2022-12-01";21181;84424;20071;125676;35931470,6792208;6166776,87777967;7878775,64727614;14288906,1142203;4466229,81237973;7010398,31069297;425,607299810727;169,251707029047;307,248113087523;222,521539154986;371,973733406173;330,975794848825
